ImageId,EncodedPixels
000155de5.jpg,263893 20 264661 31 265429 31 266197 31 266965 31 267733 31 268501 31 269269 31 270037 31 270805 31 271573 31 272341 31 273109 31 273877 31 274645 31 275413 31 276181 31 276948 32 277716 32 278484 33 279252 33 280020 33 280788 33 281556 33 282324 33 283092 33 283860 33 284628 33 285396 33 286164 33 286932 33 287700 33 288468 33 289236 33 290004 33 290772 33 291540 33 292308 33 293076 34 293844 34 294612 34 295380 34 296148 33 296916 33 297684 33 298452 33 299220 33 299988 33 300756 33 301524 33 302292 33 303059 34 303827 34 304595 34 305363 34 306131 34 306899 34 307667 34 308435 34 309203 34 309971 34 310739 34 311507 34 312275 33 313043 33 313811 33 314579 33 315347 33 316115 33 316883 33 317651 33 318419 33 319187 33 319955 33 320723 33 321491 33 322259 33 323027 33 323795 33 324563 33 325331 33 326099 33 326867 33 327635 33 328403 33 329170 33 329938 33 330706 33 331474 33 332242 33 333010 33 333778 33 334546 33 335314 33 336082 33 336850 33 337618 33 338386 33 339154 33 339922 33 340690 33 341458 33 342238 21 343020 7
000194a2d.jpg,199089 9 199857 9 200624 10 201392 10 202160 10 202928 10 203696 10 204464 11 205232 11 206000 11 206768 11 207536 11 208304 10 209072 10 209840 10 210608 10 211376 10 212144 10 212912 10 213680 10 214448 10 215216 10 215984 10 216752 10 217519 11 218287 11 219055 11 219823 11 220591 11 221359 11 222127 11 222895 11 223663 11 224431 11 225199 11 225967 11 226735 11 227503 11 228271 11 229039 11 229807 11 230575 11 231343 11 232111 11 232879 10 233648 7 234418 3
000194a2d.jpg,255931 9 256694 14 257462 14 258229 16 258997 16 259765 16 260533 16 261301 16 262069 16 262837 17 263605 17 264373 16 265141 16 265909 16 266677 16 267445 16 268213 16 268981 16 269749 16 270517 15 271285 15 272053 15 272821 15 273589 15 274357 15 275124 16 275892 16 276660 15 277428 15 278196 15 278964 15 279732 15 280500 15 281268 15 282036 14 282804 13 283572 11 284349 1
000194a2d.jpg,361253 1 362020 3 362788 3 363556 4 364323 6 365091 7 365859 8 366628 8 367396 8 368165 8 368934 8 369702 9 370471 9 371240 9 372008 9 372777 9 373546 9 374314 9 375083 7 375853 3
000194a2d.jpg,51836 2 52604 4 53372 6 54140 8 54908 9 55676 9 56443 10 57211 10 57979 10 58747 10 59515 10 60283 10 61051 10 61819 9 62587 8 63355 7 64123 6 64892 4
0001b1832.jpg,
00021ddc3.jpg,139645 1 140408 7 141175 9 141942 9 142711 7 143479 2
00021ddc3.jpg,149655 2 150422 3 151190 3 151957 4 152725 4 153494 3 154264 1
00021ddc3.jpg,74435 12 75202 14 75969 15 76737 16 77505 16 78273 16 79041 15 79810 14 80578 14 81346 14 82114 13 82883 12 83651 12 84419 11 85188 10 85956 10 86725 6 87494 4 88262 4 89030 4 89798 4 90566 4 91335 3 92104 1
00021ddc3.jpg,94457 4 95224 7 95992 7 96759 9 97526 10 98294 10 99061 11 99828 11 100595 12 101362 12 102129 12 102896 13 103663 13 104431 13 105198 13 105965 13 106733 14 107500 15 108267 15 109035 15 109053 3 109802 15 109819 1 109821 4 110569 24 111336 25 112103 26 112870 27 113638 27 114405 28 115173 28 115940 29 116707 30 117474 31 118242 31 119009 32 119777 31 120545 30 121313 29 122080 30 122848 29 123616 27 124384 26 125152 25 125920 25 126689 24 127457 24 128226 22 128996 19 129762 19 130532 17 131302 14 132071 12 132840 10 133609 8 134378 7 135148 5 135919 1
0002756f7.jpg,250414 5 251181 8 251948 10 252715 13 253483 15 254250 18 255018 21 255785 23 256552 26 257320 26 258087 28 258855 28 259624 27 260393 26 261162 24 261932 22 262702 19 263471 17 264239 16 265008 15 265778 12 266547 10 267318 7 268088 4
0002d0f32.jpg,
no_ship2.jpg,
ship.jpg,119069 4 119833 8 120597 13 121364 15 122131 16 122898 18 123666 18 124433 19 125200 21 125967 22 126735 22 127503 23 128272 22 129040 22 129808 23 130577 22 131345 23 132113 23 132882 22 133650 23 134419 22 135187 22 135955 23 136724 22 137492 22 138261 22 139029 22 139797 22 140566 22 141334 22 142103 21 142871 22 143639 22 144408 21 145176 22 145944 22 146713 21 147481 22 148250 21 149018 21 149786 22 150555 21 151323 21 152092 21 152860 21 153628 21 154397 21 155165 21 155934 20 156702 21 157470 21 158239 20 159007 21 159775 21 160544 21 161312 21 162081 20 162849 21 163617 21 164386 20 165154 21 165923 20 166691 20 167459 21 168228 20 168996 20 169765 20 170533 20 171301 20 172070 20 172838 20 173606 20 174375 20 175143 20 175912 19 176680 20 177448 20 178217 19 178985 20 179754 19 180522 19 181290 20 182059 19 182827 19 183596 19 184364 19 185132 19 185901 19 186669 19 187437 19 188206 19 188974 19 189743 19 190511 19 191279 19 192048 19 192816 19 193585 18 194353 19 195121 19 195890 18 196658 19 197427 18 198195 18 198963 19 199732 18 200500 18 201268 19 202037 18 202805 18 203574 18 204342 18 205110 18 205879 18 206647 18 207416 17 208184 16 208952 13 209721 9 210490 5
ship.jpg,264534 4 265299 9 266064 13 266829 16 267594 19 268362 20 269131 19 269899 20 270667 20 271436 19 272204 20 272972 20 273741 19 274509 20 275278 19 276046 19 276814 20 277583 19 278351 19 279119 20 279888 19 280656 19 281424 20 282193 19 282961 20 283729 20 284498 19 285266 20 286035 19 286803 19 287571 20 288340 19 289108 19 289876 20 290645 19 291413 19 292181 20 292950 19 293718 19 294487 19 295255 19 296023 20 296792 19 297560 19 298328 20 299097 19 299865 19 300633 20 301402 19 302170 19 302938 20 303707 19 304475 19 305244 19 306012 19 306780 19 307549 19 308317 19 309085 20 309854 19 310622 19 311390 20 312159 19 312927 19 313696 19 314464 19 315232 19 316001 19 316769 19 317537 19 318306 19 319074 19 319842 19 320611 19 321379 19 322147 20 322916 19 323684 19 324453 19 325221 19 325989 19 326758 19 327526 19 328294 19 329063 19 329831 19 330599 19 331368 19 332136 19 332905 18 333673 19 334441 19 335210 19 335978 19 336746 19 337515 19 338283 19 339051 19 339820 19 340588 19 341356 19 342125 19 342893 19 343662 18 344430 19 345198 19 345967 19 346735 19 347503 19 348272 19 349040 19 349808 19 350577 19 351345 19 352114 18 352882 19 353650 19 354419 18 355187 17 355955 13 356724 9 357492 6 358260 2
ship.jpg,61987 6 62752 12 63517 15 64283 17 65048 21 65816 21 66585 21 67353 21 68121 21 68890 21 69658 21 70427 20 71195 21 71963 21 72732 20 73500 21 74268 21 75037 20 75805 21 76574 20 77342 20 78110 21 78879 20 79647 21 80415 21 81184 20 81952 21 82721 20 83489 20 84257 21 85026 20 85794 20 86562 21 87331 20 88099 20 88868 20 89636 20 90404 20 91173 20 91941 20 92709 21 93478 20 94246 20 95014 21 95783 20 96551 20 97320 20 98088 20 98856 20 99625 20 100393 20 101161 20 101930 20 102698 20 103467 19 104235 20 105003 20 105772 20 106540 20 107308 20 108077 20 108845 20 109614 19 110382 20 111150 20 111919 19 112687 20 113455 20 114224 19 114992 20 115761 19 116529 19 117297 20 118066 19 118834 20 119602 20 120371 19 121139 20 121908 19 122676 19 123444 20 124213 19 124981 19 125749 20 126518 19 127286 19 128055 19 128823 19 129591 19 130360 19 131128 19 131896 20 132665 19 133433 19 134202 19 134970 19 135738 19 136507 19 137275 19 138043 19 138812 19 139580 19 140349 18 141117 19 141885 19 142654 18 143422 19 144190 19 144959 19 145727 19 146496 18 147264 19 148032 19 148801 18 149569 19 150337 19 151106 18 151874 19 152643 18 153411 18 154179 17 154948 14 155716 12 156484 10 157253 7 158022 4
ship14.jpg,119070 3 119835 6 120600 10 121365 13 122131 16 122899 17 123664 20 124431 21 125199 22 125967 22 126735 22 127504 22 128272 22 129041 22 129809 22 130578 21 131346 21 132114 22 132883 21 133651 21 134419 22 135188 22 135957 21 136725 21 137493 22 138262 21 139030 22 139799 21 140567 21 141335 22 142104 21 142872 21 143641 21 144409 21 145178 21 145946 21 146715 20 147483 20 148251 21 149020 20 149788 20 150556 21 151325 21 152093 21 152862 20 153630 21 154398 21 155167 21 155935 21 156704 20 157472 20 158240 21 159009 20 159778 19 160546 20 161314 20 162083 19 162851 20 163619 20 164388 19 165156 20 165925 19 166693 19 167461 20 168230 19 168998 20 169766 20 170535 19 171303 20 172071 20 172840 19 173608 20 174377 19 175145 20 175914 19 176682 19 177450 20 178219 19 178987 19 179755 20 180524 19 181292 19 182061 19 182829 19 183597 20 184366 19 185134 19 185903 19 186671 19 187439 19 188208 19 188976 19 189745 18 190513 18 191281 19 192050 18 192818 18 193586 19 194355 18 195123 18 195891 19 196660 17 197428 18 198197 17 198965 17 199733 18 200502 17 201270 17 202038 18 202807 17 203575 18 204343 18 205112 18 205880 18 206648 18 207416 18 208185 17 208953 14 209721 12 210490 8 211260 1
ship14.jpg,264537 2 265302 6 266067 10 266831 14 267596 17 268362 19 269130 20 269898 20 270666 21 271434 21 272202 21 272971 21 273739 21 274507 21 275276 21 276044 21 276812 21 277581 21 278349 21 279118 21 279886 21 280655 20 281423 21 282191 21 282959 21 283728 21 284496 21 285265 20 286033 21 286802 20 287570 20 288338 21 289107 20 289875 20 290644 20 291412 20 292181 19 292949 20 293717 20 294486 20 295254 20 296023 19 296791 20 297559 20 298328 20 299096 20 299865 19 300633 20 301402 19 302170 19 302938 20 303707 19 304475 19 305243 20 306012 19 306780 20 307549 19 308317 19 309085 19 309854 19 310622 20 311390 20 312159 19 312927 20 313695 20 314464 19 315232 20 316000 20 316769 19 317537 20 318306 19 319074 19 319842 20 320611 19 321379 19 322147 20 322916 19 323684 20 324453 19 325221 19 325989 20 326758 19 327526 20 328294 20 329063 19 329831 20 330600 19 331368 19 332136 20 332905 19 333674 18 334442 19 335210 19 335979 18 336747 19 337516 18 338284 19 339052 19 339821 18 340589 19 341358 18 342126 18 342894 19 343663 18 344431 19 345199 19 345968 18 346736 19 347505 18 348273 18 349042 18 349810 18 350578 19 351346 19 352115 18 352883 19 353651 19 354419 19 355187 19 355956 17 356724 14 357492 12 358261 8 359029 5
ship14.jpg,61989 6 62754 10 63519 13 64284 16 65050 19 65816 21 66584 21 67353 20 68121 21 68890 20 69658 20 70426 21 71195 20 71963 20 72732 20 73500 20 74268 20 75036 21 75805 21 76573 21 77341 21 78110 21 78878 21 79646 22 80415 21 81183 21 81951 22 82720 21 83488 22 84257 21 85025 21 85794 20 86562 21 87331 20 88099 21 88868 20 89636 20 90405 20 91173 20 91942 19 92710 20 93478 20 94246 20 95015 20 95783 20 96552 19 97320 20 98088 20 98856 20 99625 20 100393 20 101162 20 101930 20 102699 19 103467 20 104235 20 105004 19 105772 20 106541 19 107309 20 108077 20 108846 20 109614 20 110383 19 111151 19 111919 20 112688 19 113456 19 114224 20 114993 19 115762 19 116530 19 117298 20 118067 19 118835 19 119603 19 120372 19 121140 19 121909 18 122677 19 123445 19 124213 19 124982 19 125750 19 126519 18 127287 19 128055 19 128824 19 129592 19 130360 20 131129 19 131897 19 132666 19 133434 19 134203 18 134971 19 135740 18 136508 19 137277 18 138045 18 138813 18 139582 18 140350 18 141119 17 141887 17 142655 17 143424 17 144192 17 144960 18 145729 17 146497 17 147266 17 148034 17 148803 16 149571 17 150339 17 151107 17 151875 18 152644 17 153412 17 154180 18 154948 17 155717 16 156485 15 157253 11 158022 7 158791 2
ship3.jpg,159819 2 160585 4 161352 6 162119 8 162885 11 163652 13 164419 14 165185 17 165952 19 166718 22 167485 24 168252 26 169018 28 169785 30 170552 32 171318 35 172085 37 172852 38 173618 41 174386 42 175155 42 175923 43 176692 42 177461 42 178230 42 178999 42 179767 43 180536 42 181305 42 182074 42 182843 42 183611 43 184380 42 185149 42 185918 42 186687 42 187455 43 188224 42 188993 42 189762 42 190530 43 191299 43 192068 42 192837 42 193606 42 194374 43 195143 43 195912 43 196681 42 197450 42 198218 43 198987 43 199756 43 200525 42 201294 42 202062 43 202831 43 203600 43 204369 42 205137 43 205906 43 206675 43 207444 43 208213 42 208981 43 209750 43 210519 43 211288 43 212057 42 212825 43 213594 43 214363 43 215132 43 215900 43 216669 43 217438 43 218207 43 218976 43 219744 43 220513 43 221282 43 222051 43 222820 43 223588 44 224357 43 225126 43 225895 43 226664 43 227432 44 228201 43 228970 43 229739 43 230507 44 231276 44 232045 43 232814 43 233583 43 234351 44 235120 44 235889 43 236658 43 237427 43 238195 44 238964 44 239733 43 240502 43 241271 43 242039 44 242808 44 243577 43 244346 43 245114 44 245883 44 246652 44 247421 43 248190 43 248958 44 249727 44 250496 44 251265 44 252034 43 252802 44 253571 44 254340 44 255109 43 255877 44 256646 44 257415 44 258184 43 258953 43 259721 44 260490 44 261259 44 262028 43 262797 43 263565 44 264334 44 265103 43 265872 43 266641 43 267409 44 268178 43 268947 43 269716 43 270484 44 271253 43 272022 43 272791 43 273560 43 274328 44 275097 43 275866 43 276635 43 277404 43 278172 43 278941 43 279710 43 280479 42 281247 42 282016 41 282785 40 283554 40 284323 38 285091 37 285860 34 286629 32 287398 30 288167 27 288935 26 289704 24 290473 21 291242 19 292011 17 292779 15 293548 13 294317 11 295086 8 295854 7 296623 5 297392 2
